date,id,content,username,like_count,retweet_count
2023-04-06 08:25:55+00:00,1643892781130330112,"IPhone 8, 8 Plus &amp; iPhone X will NOT get #IOS17 update.

üì∑ @MKBHD https://t.co/wtp2WE3jU5",Mobiledott,0,0
2023-04-05 15:14:34+00:00,1643633230870896640,@DeadinsideS23 @mrcringe61 @appltrack With shaking video watch @MKBHD review on this no one can beat the video stabilization of the iPhone,_H_TX,1,0
2023-04-05 14:34:12+00:00,1643623072019218435,"@r3dash Way too costly at 80k. iphone 13 a better package at cheaper price. Also received bust of the year for now from mkbhd. Add to that, i think op11 is a better deal even if you prefer android. And yes,bbd will decrease its price but so will op11‚Äôs!",sankarson_das,2,0
2023-04-05 02:27:43+00:00,1643440247806783490,"@MrSahilBawa I get your point, but what about content like MKBHD? The little notch it adds is annoying. I don't have my iPhone anymore, but this sure as hell bothered me. Apparently playing the same videos in Safari removes the notch.",Silver_x86,1,0
2023-04-04 19:07:35+00:00,1643329483154526209,"@Himanshu_POCO @2ndsonOfassam @Flipkart yup i still have the legend Poco f1 and still working smoothly, still taking good pictures, i will never forget when @MKBHD  did the best camera phone blind test compilation poco f1 beat even iPhone that time in still picture, true legend phone at that price point,",Sachin_C_N,1,0
2023-04-04 15:37:51+00:00,1643276702758453252,i wish i could just pull a @MKBHD and use both an android and iphone at the same time,ThisRinya,3,0
2023-04-04 13:08:02+00:00,1643239001225150464,"@tweetitoutnow @MKBHD Windows phone was sooo stressful. Not enough apps. And the ones they did have they wanted to charge money when android and iPhone had the same apps for free. The phone was useless. I literally dropped it in a blender to test the durability of the blender. (Psst, the blender won)",LexiDesignsShop,1,0
2023-04-04 10:40:38+00:00,1643201905256955904,@MKBHD I want an android keyboard on my iPhone. Gboard isn‚Äôt good enough. It is missing keys and aren‚Äôt all in the same place as the android one!,Valcristerra,0,0
2023-04-04 07:50:07+00:00,1643158994373185536,"@TheMatsuXL @MKBHD I have the iPhone 14 pro and Samsung Galaxy Z Flip 4 because I don't hold a preference, still will go with ChatGPT but in some cases, Microsoft Bing since it sites its sources ;)",EmmanuelMotelin,1,0
2023-04-04 04:39:05+00:00,1643110919868653568,@MKBHD @MKBHD You can actually add ChatGPT as an assistant to your iPhone using siri shortcuts,don18vb,0,0
2023-04-04 03:04:14+00:00,1643087048910442502,"@MKBHD I really wanna see Apple let us change the default Assistant app like on Android. I prefer Google Assistant to Siri, but prefer iPhone to Android any day!",Lenticat64,0,0
2023-04-04 02:26:03+00:00,1643077441672413184,"APPLE FAKES PHOTOS TOO ?
I used the 30 secondes dark mode with an iphone 13 pro max facing the ceiling in my pitch black room. The photo shows many added fake stars. Make sure you increase your luminosity to the max @MKBHD @WVFRM @Mrwhosetheboss @appleinsider @xeetechcare https://t.co/RSzLLMKZ6y",Youcef_kdrr,0,0
2023-04-03 18:33:24+00:00,1642958494855733305,@MKBHD Already have ChatGPT built into my iPhone using shortcuts. It speaks ChatGPT responses and offers to save the response to notes.,LexiDesignsShop,1,0
2023-04-03 16:59:58+00:00,1642934982057377803,@TheMatsuXL @MKBHD I have an iPhone but had a pixel phone before and have found that Google Assistant is better that Siri. Not going back to Pixel but I‚Äôll concede this.,jswizzo,0,0
2023-04-03 16:38:55+00:00,1642929684542373889,@MKBHD GPT 4 built into Google assistant on my iphone built in üòÇ,JoshuaWorth,0,0
2023-04-03 16:01:45+00:00,1642920330959237120,@MKBHD Have you ever tested audio zoom? My band played on Saturday night and was just watching the footage back - it's incredible how the audio changes with the zoom - she zooms out at the 1 minute mark and back in again at 1.30 - filmed on iPhone 14 Pro https://t.co/1ZE7DvAqQ1,DamianDoherty,0,0
2023-04-03 15:23:55+00:00,1642910810639925248,@MKBHD As an iPhone user I‚Äôd love Google assistant because Siri is hot garbage and needs a overhaul.,Tursi_Nick,0,0
2023-04-03 14:02:07+00:00,1642890224475807748,@MKBHD I want Google Assistant on my iPhone,Sem_Aki,0,0
2023-04-03 13:53:53+00:00,1642888153869557760,"@JorgeLavoy @MKBHD Interesting I never knew that and I build tons of iPhone automations 

Do you have a resource for it ? 

Check out this we did on scheduling iMessages actually https://t.co/P5D3tlbXAx",TheTechKitchen,1,1
2023-04-03 13:34:19+00:00,1642883229630832640,@MKBHD IPHONE NEEDS GOOGLE ASSISTANT https://t.co/XCJKYJPNwZ,NahNahbroLegend,1,0
2023-04-03 13:29:41+00:00,1642882060665901056,@MKBHD Technically I have the OpenAI API built into a Shortcut on my iPhone which makes Siri like 20x smarter,joelmiller1776,1,0
2023-04-03 13:26:55+00:00,1642881365073952774,"@MKBHD There is kind of a work around with shortcuts app, so you can have GTP working with siri on your iphone",JorgeLavoy,0,0
2023-04-03 13:08:39+00:00,1642876766841720832,@MKBHD G Assistant right on to my iphone :D,moordavid82,0,0
2023-04-03 13:07:02+00:00,1642876362082877443,"@MKBHD I have GPT-3 on my iPhone now. I hold down the power button and say ‚ÄòHey Iris‚Äô - then ask the question and a few seconds later the Ai response is read out by Siri.. it‚Äôs pretty seamless.

In the clip I just asked ‚Äòwho is Marques Brownlee‚Äô üòä https://t.co/bCFOs7a4vZ",LostInArtMagic,10,0
2023-04-03 04:35:30+00:00,1642747630311677952,@klwtts @MKBHD @Tesla How does it do with the heat? My iPhone often won't charge on my X because it's over-heated.,ElctrifyEvrythg,1,0
2023-04-02 23:57:29+00:00,1642677664925249536,"@MKBHD Hey marques, did you use the iPhone front camera to shot yourself in this video?",naserTHFC,0,0
2023-04-02 18:57:10+00:00,1642602089300869121,"Hey @MKBHD what function does a $450 samsung phone have that an iphone doesn't ?

https://t.co/0YGHDUDd7s",MaCkPinto1z,0,0
2023-04-02 17:21:36+00:00,1642578039203610624,@MKBHD Already watched it. Great video. The iPhone video quality is üÜô.,MarioBurke2023,1,0
2023-04-02 15:08:36+00:00,1642544565432332294,"@MKBHD It will look good with a case-less iPhone 14 Pro, just saying‚Ä¶ üëÄ https://t.co/S1XO2qkOiV",theapplecycle,8,0
2023-04-02 15:03:11+00:00,1642543204888109059,"@SalmanMKC iOS, I grew up on android and loved it. I was a big OnePlus fan and went to NY for the 6 Midnight first release. Meet MKBHD and Linus there. But these days, android costs as much as iPhone with fewer benefits. https://t.co/vHJWwi3qPG",Davutech,1,0
2023-04-02 09:16:43+00:00,1642456011217985547,@Chigozi69 @MKBHD battery will go to iphone,kaarteeek,0,0
2023-04-02 08:05:29+00:00,1642438088323391488,@BobOfOz @stevestojan @MKBHD @apple_idesigner Yes most likely then. I‚Äôm coming from an iPhone XR where the battery was definitely not good anymore (&lt;80%) and the upgrade isn‚Äôt THAT good to be honest. But I‚Äôm quite a heavy user as well.,theapplecycle,0,0
2023-04-02 06:44:42+00:00,1642417757496164352,@MKBHD iphone biased ü§°,babysiopao21,0,0
2023-04-02 02:20:37+00:00,1642351299462045696,@MKBHD I guess it‚Äôs time to ditch my @apple iPhone! @MKBHD finally convinced me to switch to a @SamsungMobile S23 Ultra after watching this video!,Triplestudly,1,0
2023-04-01 18:23:16+00:00,1642231166856986624,@MKBHD where‚Äôs the iphone,ChristinNg1,0,0
2023-04-01 18:02:21+00:00,1642225904070938626,"@MKBHD The iPhone 14 Pro mini just released! üòç

üì∏ - Image: @apple_idesigner https://t.co/pNY7fONo9I",theapplecycle,51,0
2023-04-01 17:57:38+00:00,1642224717921755137,"@edulita360 @MKBHD I had to make that exact choice,I think 1 year back.I ended up buying the iPhone 12 Pro. Because of the software and hassle free data transfer from my old iPhone. And Also a huge huge point, the social media apps just suck on android phones, for me personally it‚Äôs snapchat,camera",cheema_boss_,1,0
2023-04-01 16:45:23+00:00,1642206537094660097,"Interesting #iPhone issues 
- consistently drops network and low connectivity 
- heats up aggressively on 4g whereas slowly on Wi-Fi 
- games like call of duty have ping lags. Extremely annoying. 
@MKBHD any views 
@Dave2D any issues you found ow want to investigate?",gattu_panda,0,0
2023-04-01 14:24:14+00:00,1642171015739621376,@edulita360 @MKBHD Neither no point getting today buy S22 Ultra or IPhone 13,Andrew99649,1,0
2023-04-01 13:22:19+00:00,1642155432427810819,"@MKBHD You missed the best iPhone category 
 imo S23Ultra deserves it",A13374701,14,0
2023-04-01 12:55:53+00:00,1642148778781057024,@MKBHD No iPhone?,Kizitopeter8,0,0
2023-04-01 12:52:07+00:00,1642147833552818179,"@MKBHD Hey guys, between iphone 12 and note 20 ultra, wich one is better?",edulita360,2,0
2023-04-01 12:15:22+00:00,1642138584709726212,@MKBHD Team iPhone 14 Pro/Max as always üòé,theapplecycle,12,0
2023-04-01 12:14:42+00:00,1642138415595417602,@MKBHD iPhone is the best,marrgielaa22,2,0
2023-04-01 10:38:16+00:00,1642114148950593537,@willbwrs @MKBHD Seems only Apple can get away with such terrible designs and is users will applaud it as genius. Remember the iPhone with  antenna issues we were told we held incorrectly? üôÑ,ocube,0,0
2023-04-01 02:45:39+00:00,1641995208710660097,@MKBHD I have an original working IPhone with original box.  The screen unfortunately has a crack but I am haninging on to it.  I figure it is a tech icon that will be worth something one day.  This confirms my guess.,dtpitts,0,0
2023-04-01 01:51:05+00:00,1641981477658271747,@MKBHD Praying to tech gods for better HDR on iPhone https://t.co/JGUoS7lcBi,_furnx,0,0
2023-04-01 00:19:28+00:00,1641958419631583237,"@MKBHD I do have an iPhone 3S used in its original opened box, if anyone is interested. LOL üòÖ",skchang,0,0
2023-03-31 21:31:24+00:00,1641916126325006338,@MKBHD iPhone background? ü§î https://t.co/KK9eqhT8PF,MatteoMombrini,0,0
2023-03-31 21:28:48+00:00,1641915472546533377,"@RenegadeThinke1 @frizzleboi @LuftkoppTim @axfcb_ @thomasjeans @MKBHD There‚Äôs a timeliness factor he has to deal with too‚Ä¶no one wants a iPhone review 8 months after it drops, well I won‚Äôt say no one‚Ä¶but the video won‚Äôt do as well",NewEraNoah,15,0
2023-03-31 20:50:46+00:00,1641905898795745284,"@marrgielaa22 @MKBHD Dude, I'm an iPhone user (albeit one who doesn't believe in commiting to one company for a product) but I have to strongly disagree with you on this one. Google definitely gets a lot of things wrong but I can't deny that Android still serves its primary functions.",MythicSuns,0,0
2023-03-31 20:19:14+00:00,1641897964837965824,iPhone HACKS: 3 Cool Tips You Probably Didn‚Äôt Know https://t.co/srGh7LdPiE via @YouTube #BuddyBuck #shorts #iPhone #RETT @Apple @MKBHD,freedomoftime,0,0
2023-03-31 17:10:51+00:00,1641850557337079809,"@lasterd80 @DracoSura @VST001 @MKBHD @Mrwhosetheboss @LeakerApple @UniverseIce @SomeGadgetGuy @That_Kartikey @RealJoseph123 @luca_scagliotti @_prophet_futu It depends. Multitasking yes, but some games like genshin the iPhone has better thermals while in other games, like tower of fantasy, the s23u has better thermals. In rendering videos, the iPhone has better thermals. All in all, I'd say thermals are a tie based on my testing.",DameTechChannel,4,0
2023-03-31 16:44:30+00:00,1641843927442391060,"@lasterd80 @DracoSura @VST001 @MKBHD @Mrwhosetheboss @LeakerApple @UniverseIce @SomeGadgetGuy @That_Kartikey @RealJoseph123 @luca_scagliotti @_prophet_futu @DameTechChannel Did you watch the video? The screen share on s23u was laggy and useless. Both failed, at this impossible test and proves that neither would be worth using under this workload. ""flawless"" is not what the s23u was! The s23u was not as bad as the iPhone, but neither passed the test.",AndyH_England,1,0
2023-03-31 16:44:22+00:00,1641843890054389760,"@MKBHD @ijustine @Mrwhosetheboss 
What is your favourite iPhone?
Mine is the silver iPhone 14 Pro",MacBookAirM2,0,0
2023-03-31 13:38:23+00:00,1641797087183380482,@MKBHD I should have never open up my iphone 3gs,WRNR_it,0,0
2023-03-31 11:19:57+00:00,1641762250909253634,@theapplecycle @MKBHD Hmmm compare it to iphone se 2022 üòÇ (similar price),privatetalky,1,0
2023-03-31 09:17:34+00:00,1641731450029350912,"@MKBHD The 1st gen iPhone is part of history, I would‚Äôve definitely bought it for $60,000 if I had it.",AS_Mbali,0,0
2023-03-31 09:06:01+00:00,1641728542504304640,"@b_hvrd @MKBHD Ohhh, and the arc stands for the iPhone 6 bendgate?",Dedeurwaerder_T,2,0
2023-03-31 05:47:45+00:00,1641678648972562432,@Apple iPhone 13 pro after 1.5 years! Battery still holds up! @TechnicalGuruji @MKBHD @tech_burner https://t.co/r542YcYPlB,Bittusi73955566,0,0
2023-03-31 01:50:41+00:00,1641618987888033793,"@alexwilliamwin @MKBHD My point is, even if you buy it, either you‚Äôll have to keep it seal packed if you wish to preserve its value, or you‚Äôll unbox it and its value would fall to nothing.
In my country, unboxed iPhone 2G are available for quite cheap easily (‚Äòcause people don‚Äôt value it here).",vedanshchn,1,0
2023-03-30 23:51:31+00:00,1641589001751543809,@MKBHD I still have my original iPhone.,maddass1218,0,0
2023-03-30 23:12:46+00:00,1641579249336188936,"@MKBHD What are the chances the battery expanded and ruined the iPhone, but no one will find out because unsealing it would hurt its value?",Xybr,0,0
2023-03-30 21:49:27+00:00,1641558281045811201,"@MKBHD Yeah, I couldn‚Äôt decide between an iPhone 1 or a Blackberry Pearl so I ordered both and never opened the iPhone‚Ä¶ Just kidding. How does this happen? Must have been a warehouse glitch or something!",AlanNeveu,0,0
2023-03-30 21:02:47+00:00,1641546535908397056,@MKBHD hey what‚Äôs your Home Screen on your iPhone look like these days? Just trying to see something.,AlSharpTongue,0,0
2023-03-30 19:59:06+00:00,1641530510429003797,"@MKBHD @AndruEdwards Doubtful... it's an iPhone, not a Game Boy.",joeypreger,0,0
2023-03-30 19:38:51+00:00,1641525413024243715,"@AndruEdwards @untainted_venom @MKBHD I have a Nintendo Ds that still charge and it's older than the iPhone.

Only way to have an answer is with someone having true technical knowledge on iPhone batteries, but as much as I remember how it works, I don't see how not using it could break it (I'm probably wrong)",wasteak,0,0
2023-03-30 19:12:22+00:00,1641518749516984320,"@stevestojan @MKBHD In my country, EDGE, 3G, 4G, 5G all do work.
But why would you wanna browse internet in these anyway? Well should you wish to, I didn‚Äôt have any phone for a while back in 2019 and exclusively used my iPhone 3Gs for over a month and internet browsing was quite acceptable.",vedanshchn,1,0
2023-03-30 19:08:20+00:00,1641517736151924736,"@MKBHD Schrodingers  Iphone, you cant open it to check the content of the box reducing the value, but you have to trust the iphone is there.",osofdz,0,0
2023-03-30 18:53:53+00:00,1641514100021682184,@MKBHD The best IPhone ever.,Fabse914465492,0,0
2023-03-30 18:49:06+00:00,1641512893718880265,@KGcodes @MKBHD Definitely! Will be part of iPhone history for sure.,theapplecycle,4,0
2023-03-30 18:27:53+00:00,1641507554864816132,@MKBHD So you gonna buy it and make a video about the most expensive iPhone ever?,Yoshi_8719,0,0
2023-03-30 18:26:50+00:00,1641507288883290112,"@MKBHD I still have the boxes, chargers and headphones for 2 iPhone originals I bought back in the day...I think the boxes still have the screen plastic peel things in them. I charged up the phones and they still work, which is kind of amazing.",EchtoGammut,1,0
2023-03-30 18:15:38+00:00,1641504473821634560,@MKBHD My kid found my iPhone 1 last year. It booted! Nostalgia to the max! https://t.co/4FgqgO4auU,chiefsims,80,0
2023-03-30 18:15:31+00:00,1641504444515774464,@MKBHD Crypto mfers be opening it and then still selling it as an NFT of an unopened iphone,bezzenberger,2,0
2023-03-30 18:13:00+00:00,1641503809707950080,@MKBHD Schr√∂dinger‚Äôs iPhone.,lamexcusee,0,0
2023-03-30 18:11:17+00:00,1641503378508513281,@lasterd80 @MKBHD @Mrwhosetheboss @LeakerApple @UniverseIce @SomeGadgetGuy @That_Kartikey @RealJoseph123 @luca_scagliotti @_prophet_futu Iphone is clearly throttling on heavy multi tasking on 5G!!!,DracoSura,1,0
2023-03-30 18:05:15+00:00,1641501859197374464,"@MKBHD PS I got it for less than the cost of Gen1 Airpods lol
Same goes for the iPhone 3G, 3Gs and 4S I got.",vedanshchn,0,0
2023-03-30 18:01:16+00:00,1641500856565796864,@MKBHD @BrandonButch @Malzan_enjoyer @AndruEdwards @theapplecycle Schr√∂dinger's iPhone.,avinhere,10,1
2023-03-30 17:52:57+00:00,1641498762710335497,@MKBHD i still have no idea why anyone would want an 8gb iphone,relientkenny,6,0
2023-03-30 17:51:48+00:00,1641498473798279170,"@MKBHD Very interesting indeed, but $60K?
Nah, I‚Äôm good with my old iPhone boxes. https://t.co/w6GEygMnw1",KGcodes,154,0
2023-03-30 17:51:21+00:00,1641498362703667210,"@MKBHD How do you verify?
Schr√∂dinger's iPhone",incoherentdrvl,3,0
2023-03-30 11:04:48+00:00,1641396047657291776,@AkshayAnuOnline @AppleSupport @MKBHD @geekyranjit @callmeshazzam @tim_cook @praaatiiik @C4ETech @GyanTherapy @EzTech231 @Dave2D @TechWiser @stufflistings @UniverseIce I am facing the exact same issue in my Iphone 13 pro maxx from yesterday after ios upgrade. CaseId: 101966208647 @Apple @AppleSupport Why should I  pay 33K for screen replacement for problem at your end? This is a known issue at your end. Why should customer pay for this?,Suyash0020965,0,0
2023-03-30 06:40:54+00:00,1641329637203808256,@MKBHD Iphone 15??,ticodatte,0,0
2023-03-30 04:53:28+00:00,1641302599847559170,"Anyone knows why is this battery drain is happening? 
iPhone 12 mini 
iOS 15.7.1
My WiFi,Mobile Data was off all the time.
Facing it daily.
@appleinsider @geekyranjit @TechnicalGuruji @MKBHD   
@AppleSupport  @Apple https://t.co/SxF0iuCLdJ",Saket_Kaswa,0,0
2023-03-30 03:22:16+00:00,1641279647827775490,"@VigneshwarB9 @Apple @AppleSupport @TamilTechOffici @TechBossIndia @Mrwhosetheboss @MacRumors @MKBHD @TechWiser @iRobinPro Even after so many reported about @Apple iphone 13 pro max white screen issue, @AppleSupport is carelessly informing me to do paid service. Why should I pay for their fault? Do you think the life span of display is just around 1year? Worst quality check for @Apple",VigneshwarB14,0,0
2023-03-30 03:21:01+00:00,1641279333271769088,@MKBHD Clearly it‚Äôs hinting the new curved screen iPhone 15 and iPads,omiejay,0,0
2023-03-30 02:26:42+00:00,1641265663493967872,@Apple @GyanTherapy @HFVUnbox @nawabnabeel @AmreliaRuhez @MKBHD @tim_cook bugs are seen in my iphone in recent days like this in whatsapp while switching from one‚Äôs status to another‚Äôs status. The voiceover is seen. IOS 16.4 is full of bugs. Please try to fix this @Apple. https://t.co/G84nR8p79J,PaulRecoth,1,0
2023-03-30 02:17:02+00:00,1641263234404732928,"@Shadow________X @MKBHD as a microsoft mobile and even palm user, knew the iphone would be a hit way before it came out. headset is not equivalent, still stand by my prediction it will be a VERY niche product. even as a gamer, i don't want a headset.",muhansms,1,1
2023-03-30 01:22:07+00:00,1641249413036396544,@MKBHD VR/AR headset! Either that or crazy iPhone camera update?,rezyxilar,0,0
2023-03-29 22:57:11+00:00,1641212940509478914,"@MKBHD @MKBHD iPhone SE on 13 Mini body coming? 
I hope so!",Roger22Soares,0,0
2023-03-29 21:39:21+00:00,1641193353164251155,"@MKBHD Looks like a lot of Wi-Fi bars. Sir, does the iPhone connect to my home Wi-Fi?",UnsaltedHoagie,3,0
2023-03-29 20:57:46+00:00,1641182888304549894,"@MKBHD this basically confirms VR hardware.

if history has shown us one thing, Apple will nail input device &amp; interaction btw hardware and software, as they did with Mac/Mouse, iPod/Clickwheel, iPhone/CapacitiveTouch, Ô£øWatch/DigitalCrown 

needless to say, this is exactly where all‚Ä¶",philmaeser,16,0
2023-03-29 20:14:20+00:00,1641171956056702976,"@DarthBuzzard @MKBHD even in hardware - when the iPhone hit and created a new space, 5 years later was selling 125M units/yr. VR headsets, all of them, are selling 14M units/yr 5 years after introduction.",Mr_Swishman,0,0
2023-03-29 20:05:26+00:00,1641169715082022912,@MKBHD Iridescent iPhone üëÄ,mofiaman,0,0
2023-03-29 18:46:30+00:00,1641149851986427929,"@MKBHD Iphone wish list (use samsung)
In screen fingerprint scanner 
No notch 
120hz on all iphones 
Better control centre 
UsB C PLZüôè
Delete all apps button 
OK I'll stop. üò≠üòÇ",maccaglynnx,0,0
2023-03-29 18:20:06+00:00,1641143209345810432,@MKBHD Iphone 15 with usb type c pls,EL__CONGO,0,0
2023-03-29 18:03:29+00:00,1641139028266188806,"@MKBHD Yeah I‚Äôm excited them to announce the iPhone 15, that new headset, maybe AirPods refresh too. ü´£I‚Äôm kind of excited for that headset even though I can‚Äôt afford it üíÄ",notayenash,1,0
2023-03-29 18:01:00+00:00,1641138402631221266,@MKBHD Iphone 15?,Fan747x,0,0
2023-03-29 17:59:26+00:00,1641138008823848961,@RushabOswal @Wellie22 @MKBHD iPhone Events are typically in the Fall,kushspatel,0,0
2023-03-29 17:55:33+00:00,1641137028778676225,"@MKBHD IMO just ""Apple photo AI"" or something for people to change their iPhone (and iPad) photos with Apple generative AI.

:)",_TechyBen,1,0
2023-03-29 17:39:29+00:00,1641132988632006663,@MKBHD New iPhone colour xd üòÇ,opelit2,1,0
2023-03-29 17:38:59+00:00,1641132862278598656,@MKBHD Look at the number of bands tho‚Ä¶ I feel this might be the relaunch of iPhone 6.,b_hvrd,585,0
2023-03-29 17:35:02+00:00,1641131867171700752,"@wasteak @MKBHD I'd honestly argue otherwise, I'm sure someone probably would have said the same thing before the first iPhone came out (albeit, Idk the tech news field at the time)

Also, Apple has def shown some interest in AR over the years, and I believe been working on a headset for a while",nineayem,2,0
2023-03-29 17:34:48+00:00,1641131807717441569,@MKBHD Is the IPhone 14 Pro or Max still worth it or wait for the 15??,xWrestlingEOD,0,0
2023-03-29 17:32:18+00:00,1641131178202742806,"@MKBHD I just want an app locker natively for iOS apps so I can share my iPhone with others.

I beg you @Apple @AppleSupport.",adlinpaulo,1,0
2023-03-29 17:30:55+00:00,1641130832982163459,@MKBHD I‚Äôd dig an iPhone in that colour scheme :),itisronan,2,0
2023-03-29 17:29:26+00:00,1641130456262361120,@MKBHD Folding iPhone confirmed ‚úÖ,justdrew404,1,0
2023-03-29 17:28:20+00:00,1641130180084219932,"@realdeathmask @MKBHD I'm excited to see their entry in the ar space. But this will not be an ""iphone moment"" for ar headsets if this think costs $3K. I'm also skeptical on how many people actually want to wear a bulky headset.",L0wMax,1,0
2023-03-29 17:25:38+00:00,1641129500304982025,@MKBHD iPhone 15 coming?,AllanValiant,2,0
2023-03-29 15:04:13+00:00,1641093911069470721,@Apple @GyanTherapy @HFVUnbox @nawabnabeel @AmreliaRuhez @MKBHD @tim_cook bugs are seen in my iphone in recent days like this animation went upside in my screen. Ios16.4 is full of bugs.Please try to fix this @Apple. https://t.co/fZzgRpQLnF,PaulRecoth,1,0
2023-03-29 05:27:21+00:00,1640948740239368193,"@financialfaiz Jadi macam MKBHD la, pakai both iOS dan android.

Macam saya, office provide iPhone, boleh la guna untuk ambil gambar dan video.

Android amek yang mid-upper range. Kalu tak kisah tentang kamera (since dah ada iphone), boleh tgk motorola edge series. UI for me very nice la",zzunurainn,0,0
2023-03-28 21:42:42+00:00,1640831804444758016,"@AMANAMARSINGH @C_Pritchard @GooglePixel_US @madebygoogle @tkdsl8655 @MKBHD @_ireviews_ @ijustine @AndroidAuth @xdadevelopers @tech_burner @LewLater @sakitechonline Well the iPhone shot doesn‚Äôt seem to have any bokeh but the Samsung shot does, was this intentional?",TechZilla_,1,0
2023-03-28 16:16:45+00:00,1640749780103053313,"@MKBHD Yes, unlike Huawei ads with Twitter or iPhone which needed special planning.",joan_muthii,0,0
2023-03-28 16:09:10+00:00,1640747871354929154,"iPhone camera is overhyped. MKBHD's blind camera tests prove time and again that, most people prefer photos from other phones than iPhones. I also agree to that.",eshwarnag,0,0
2023-03-28 14:02:50+00:00,1640716075997487105,"@C_Pritchard @GooglePixel_US @madebygoogle 1. iPhone 14 Pro Max
2. Samsung S 23 Ultra 

Which is the best ??
@tkdsl8655 @TechZilla_ @MKBHD @_ireviews_ @ijustine @AndroidAuth @xdadevelopers @tech_burner @LewLater @sakitechonline https://t.co/HLbmCjaGCX",AMANAMARSINGH,2,0
2023-03-27 21:03:31+00:00,1640459557401948161,@MKBHD iPhone &gt; any Android phone,marrgielaa22,4,0
2023-03-27 17:33:52+00:00,1640406798409646089,@MKBHD Please make a iPhone set up video,adamjr623,0,0
2023-03-27 14:04:52+00:00,1640354200361074688,@MKBHD i wanted to c iphone 14 but apparently it hasnt been released yet https://t.co/N9ULcwCc6G,Arshbir36412896,0,0
2023-03-27 12:27:11+00:00,1640329616912007168,@MKBHD Stick to the frisbee and iPhone unboxing bud. Cheers,AllHaleNathan1,1,0
2023-03-27 06:43:48+00:00,1640243203101081600,"Hey @MKBHD, what's your take on the latest iPhone rumors? Can't wait to see what Apple has in store for us this year! #AppleRumors #MKBHD #Iphone15",JavyTorres,0,0
2023-03-26 19:58:08+00:00,1640080717496434691,"@olajamoyinka @Zege_Zaki @kool_timmy @DrHeskay @Letter_to_Jack E reach to reason am √≥√≤ coz wtf, pixel taking bad photos is something I don't think I've ever heard. Pixel 6A &amp; 7P came 1st &amp; 2nd respectively in MKBHD blind smartphone photography test with over 24 million unbiased votes √≥√≤. iPhone 14 was languishing in the mid section.",Hall_of_stones,1,0
2023-03-26 19:37:32+00:00,1640075532896198657,@MKBHD @WVFRM @AndyManganelli Dark Sky weather app on iPhone is working again! Check it out!,Rehanlive,0,0
2023-03-26 17:42:31+00:00,1640046585592840193,"@TheGalox_ @MKBHD Way better!ü§£ you can fool your samboy followers with this crop video of Super steady mode,lol. 
And I already said why I bring up iPhone,lol.",JahidulAkm,0,0
2023-03-26 17:42:29+00:00,1640046577539530752,"@nicksonnyuki @MKBHD Ooooo yaa I remember, he commented on her using an iPhone to post a tweet about another phone.",matemba_,1,0
2023-03-26 17:40:39+00:00,1640046118456180737,@kimurgor_duncan @Nesh_maina Mkbhd si die hard he is american and majority of americans use iphones ‚Ä¶ id rather u say mrwhosetheboss ni fan wa samsung but at the end of it all what phone does he use? Iphone üòÇüòÇüòÇ,mathias_schemer,0,0
2023-03-26 17:33:50+00:00,1640044399542566912,"@IWearTurtleNeck @MKBHD S23U has the most versatile camera but not the best.""The best camera"" is subjective and my point wasn‚Äôt even that,lol. Whenever anyone call iPhone has the best camera bcoz of it‚Äôs video,you guys give excuse like video is nothing and now using the same excuse to make s23u better.",JahidulAkm,0,0
2023-03-26 17:33:31+00:00,1640044319930466305,"@IWearTurtleNeck @MKBHD IPhone is way ahead in video but you guys won‚Äôt accept,lol.from lens switching to HDR,noise reduction,framing,stabilization everything is better on iPhone.",JahidulAkm,0,0
2023-03-26 17:28:30+00:00,1640043057830666241,"@iamtricia118 MKBHD for instance agrees that the  Google Pixel makes better photos, but he keeps the iPhone for video. I would rather swap both cams into 1 phone instead!",papashotit,2,1
2023-03-26 17:01:42+00:00,1640036313784000516,"@mathias_schemer @Nesh_maina Diehard iPhone fans like mkbhd even admits Samsung are ahead on photography. IPhone is luxury, no doubt about that but doesn't mean you discredit every other non iPhone phone",kimurgor_duncan,0,0
2023-03-26 16:46:45+00:00,1640032551229329408,@MKBHD It's easy when you don't have an iPhone 3 inches from your face,OkeyDokely,0,0
2023-03-26 15:57:32+00:00,1640020165499711492,"@johnero Isn't the context Sammy vs Apple going by your tweet?
MKBHD did blind camera tests for 3-4 years with over 6 million votes, IPhone has never been in the top 5. It doesn't mean Apple's camera is bad.

Action mode upgrade means they bridged the gap yeah? The gap is still big",CapitalFEMII,0,0
2023-03-26 14:33:43+00:00,1639999074148446209,"Tech-Tuber @MKBHD paints an example of $AAPL ‚Äútaking back the iPhone‚Äù aka deglobalizing it‚Äôs reliance on overseas companies for elements of its phone. While simultaneously building the foundations to own patents to license out in the future #TimApple

https://t.co/N9Itw56WAO https://t.co/VL80OTWAyP",Gunny_B__,1,1
2023-03-26 11:12:25+00:00,1639948416498429952,@MKBHD needed your advice. I‚Äôve seen your reviews of both the s23 ultra and 14pro max. I‚Äôm used to the iPhone and IOS but it‚Äôs primary camera just randomly died on me. I am planning to get the s23 ultra as a secondary phone till the 15 pro max comes out?,raghav_tankha,0,0
2023-03-26 10:46:56+00:00,1639942001180266496,@internetg_tm @Redapplefr @maxvayshia Google pixel 6a which is the list of the pixel 6 line last year beat the iphone 14 pro max in a random camera test done by MKBHD,iamPasQal,1,0
2023-03-26 09:24:40+00:00,1639921296757903360,Skin inspiration from @MKBHD for iPhone 14+,DShivsagar,0,0
2023-03-26 08:22:36+00:00,1639905677622558721,"@Nesh_maina Google pixel beats all of them. Check MKBHD camera test on top tier smartphones, Samsung outperformed Iphone.

https://t.co/JXzziWOa19",works_dennis,4,0
2023-03-26 07:08:56+00:00,1639887139570880512,"Iphone Is The smoothest Saying People should go under water now ü§£
https://t.co/Dbw9HDQ2GZ
@MKBHD @Mrwhosetheboss @GyanTherapy @BadolSayel",tamim_aungan,1,0
2023-03-26 03:56:29+00:00,1639838708064043013,@JahidulAkm @MKBHD Don't you get tired? Lmfao. The S23U does have a better camera system and it's more than just video. And no the iPhone isn't way ahead in video anymore. The S23U leads the iPhone more jn photo than the iPhone leads it in video.,IWearTurtleNeck,1,0
2023-03-26 01:26:16+00:00,1639800903648808962,"@JahidulAkm @AndyH_England @MKBHD Yup, I tried s23u recently, indoor light video still kinda sucksü•≤
iPhone is way better in that area",cosmologist123,1,0
2023-03-25 22:42:38+00:00,1639759726761091075,"@CamCovington @DurvidImel @WVFRM @AndyManganelli @MKBHD Yeah I haven't felt haptics that felt bad on flagship-ish phone in awhile, just prefer them off. Even when I had an iphone I wasn't into but you can certainly tell haptics are way better than it used to be",jakefister,0,0
2023-03-25 21:27:21+00:00,1639740781249409024,@MKBHD iPhone aqua confirmed!!!!,YsaiArevalos_,0,0
2023-03-25 20:11:28+00:00,1639721681672601601,@jakefister @WVFRM @AndyManganelli @MKBHD @DurvidImel iPhone taptic keyboard is fantastic,adamtyree,0,0
2023-03-25 18:59:02+00:00,1639703454661722119,@DurvidImel @jakefister @WVFRM @AndyManganelli @MKBHD iPhone haptics are ü§å,CamCovington,0,0
2023-03-25 15:57:05+00:00,1639657665302257666,@JahidulAkm @MKBHD I'm an iPhone user and I'm be the first to tell you that the S23U has the best overall camera system there is. It's video is toe to toe with the iPhone and it's better than the iPhone in low light video,TaylorBrashaad,1,0
2023-03-25 15:54:19+00:00,1639656970167910400,"@AndyH_England @MKBHD Samsung's video recording isn‚Äôt that good also.For video,iPhone is way ahead of Android.",JahidulAkm,3,0
2023-03-25 15:27:17+00:00,1639650165396246535,"When @MKBHD said iPhone 14Pro has better camera system cause it has best video quality and photo quality is also decent,Samsung fanboys like him said ""But people takes photo more than Video"".

Now others are taking better photo,but Samsung has better camera system according to",JahidulAkm,23,3
2023-03-25 14:15:19+00:00,1639632053603028993,@jakefister @WVFRM @AndyManganelli @MKBHD @DurvidImel Wait what? I need my haptics to be on all the time. I love it! I have phones with the best haptics and I love that about both the phones (iPhone 14 Pro and pixel 7 pro).,strangebaaza,0,0
2023-03-25 13:49:12+00:00,1639625482512547840,"@DurvidImel @WVFRM @AndyManganelli @MKBHD Tbf I understand the appeal, but even on nice HAPTICS I leave it off. For reference my last phone was an iphone 12 mini and this one is a Zenfone 9 and I just leave it off mostly for battery life. Not sure how big a diff it makes but it's gotta make some right?",jakefister,0,0
2023-03-25 00:00:46+00:00,1639416998529757184,@TheMarkBStewart @MKBHD I doubt it would work with an iPhone much less other non Huawei phones.,sundayadickson,0,0
2023-03-24 23:16:00+00:00,1639405734734491648,"So i just turned on haptics keyboard. iPhone mini 12.... and... i'm never going back. LOVE IT üíó

@MKBHD @AndyManganelli @DurvidImel",DOGGYMOMMYMOM,3,0
2023-03-24 22:12:18+00:00,1639389703739949059,it was a shame on @Apple when my friend made a payment with his $300 Samsung phone with NFC tap n pay and I couldn't with my $900 iPhone ü•≤ No NFC PAYMENT support with #iphone in India @SamsungIndia @MKBHD,Sovon_rnb,2,0
